prof_id,rec_id,x,y,cds2d,z,cds3d,dirslop
1,1,476899.6487641414,1072443.8727980119,0.0,51.99813071256543,0.0,0.6427901803722407
1,2,477725.7953691585,1072840.5576589992,916.4480846822642,62.280014478651964,916.5057605119401,0.44591754247555965
1,3,478670.5815877032,1073115.0993316025,1900.3150110233082,69.93733904629075,1900.402484445559,0.9564459819325986
1,4,479493.6635125779,1073682.6113864428,2900.0818775699627,86.62812920531182,2900.3086650048394,0.2908750161263757
1,5,480442.38665992767,1073986.2593893101,3896.2132544287624,91.68525945208931,3896.452878725393,0.09069334930789294
1,6,481379.62701739435,1074311.849480264,4888.39690425955,93.2557858372862,4888.637771547627,-0.04649253701670483
1,7,481920.3887888153,1075144.5296394175,5881.261215672982,92.450128051063,5881.502409835716,-0.4574033924787591
1,8,482698.3257498217,1075741.0252352129,6861.563674663652,84.62401590043996,6861.836107682805,-0.3201297913474837
1,9,483191.35407927225,1076539.2224923465,7799.751179875952,79.3820085789653,7800.038257316474,0.37508556669482906
1,10,483727.732769445,1077342.9750513735,8766.043203755782,85.70790853514917,8766.350987453065,-0.07442026963234531
1,11,484709.1096576397,1077506.4051689466,9760.935157694845,84.41566380554092,9761.243780626844,0.054222711953353354
1,12,485703.0787835866,1077534.161551964,10755.291753757798,85.35668822027961,10755.600821966047,0.6216548552996404
1,13,486677.1964543911,1077649.4715469219,11736.210522826246,96.0,11736.577331163082,-0.5820374744714144
1,14,487546.0355117204,1078116.2631573982,12722.504452216428,85.98041775400029,12722.922152805244,0.192065038760607
1,15,488279.2804137851,1078796.182252821,13722.473483099107,89.33249380047845,13722.896802053048,-0.239692066075787
1,16,488682.050093309,1079699.0633014333,14711.117808772939,85.19655943566171,14711.549778905965,-0.32203912470816776
1,17,489165.0234994678,1080561.717505097,15699.771229418957,79.63963294403469,15700.218816343218,0.09705609073613787
1,18,489792.2183950245,1081335.3144603448,16695.675685770664,81.32664526072581,16696.124701551125,-0.17145736606113918
1,19,490640.24402082583,1081843.2750227205,17684.19548574673,78.36849531370153,17684.64892765579,-0.2835970421490276
1,20,491343.69617671845,1082553.351918239,18683.72244045036,73.42109420949541,18684.18812646532,-0.12591797815307976
1,21,492040.7113866632,1083270.4081501854,19683.722361784137,71.22340753801443,19684.190462709725,-0.2915392679863831
1,22,492508.2140356537,1084115.2309956842,20649.27110063154,66.3103440568083,20649.75170120399,0.14414718106950578
1,23,492693.8002183575,1085073.7459977493,21625.58725864309,68.76660733010266,21626.07094900345,0.578846782155172
1,24,492771.1415425355,1086049.8029497287,22604.70362247986,78.65874326853464,22605.237282312744,-0.02495986797617708
1,25,493107.06339818175,1086971.8746034135,23586.059637201277,78.23123327874622,23586.59339015265,0.6992596173898631
1,26,493081.3674089534,1087940.7244461563,24555.25017659234,90.06019278360138,24555.85611301375,0.34270282790670825
1,27,492396.98377517116,1088660.288120467,25548.30246100462,96.0,25548.92616134177,0.06545310441683133
1,28,492609.2638353182,1089606.212660669,26517.753883043213,97.10747481394999,26518.37821595464,-0.4105191662769384
1,29,492269.0818532061,1090538.024952131,27509.72057979938,90.0,27510.370375032307,0.11463484197877673
1,30,492271.698976496,1091488.4713390833,28460.170569964448,91.90162051620808,28460.822267536798,-1.741560535198135
1,31,492010.4565595584,1092404.7542676842,29412.967508274418,62.9315151685575,29414.059526909674,-0.1636524716676857
1,32,491978.6722798861,1093304.9040746896,30313.678291759432,60.35883096592764,30314.773984543277,0.03676073383707425
1,33,492640.0233872487,1094054.09325466,31313.01292770201,61.0,31314.108826171552,0.5308132341751268
1,34,493366.5982467355,1094727.9658945417,32303.97980970131,70.18101455177349,32305.118236948067,-0.23884606522163912
1,35,493879.91441710293,1095540.9705056062,33265.47343337893,66.17286070580573,33266.62021493354,0.13269135868014126
1,36,494386.9094975225,1096302.1557572405,34180.04819734046,68.29092919247067,34181.19743151473,0.49404094334459364
1,37,495349.5611767555,1096277.1867626186,35143.02364158738,76.59452662898491,35144.20867545373,0.1789300892181425
1,38,496189.2379591141,1096766.7410832262,36114.990992714746,79.62991198734511,36116.18076621654,-0.15002327642696495
1,39,497165.0624932851,1096985.2340694359,37114.97734587809,77.01154160807519,37116.170547352514,0.7073970425192642
1,40,498034.3151149857,1097417.8543137605,38085.935839395126,89.0,38087.20304900603,-0.296322609977669
1,41,498943.0790582672,1097088.012213957,39052.707640499866,84.0,39053.98777965257,-0.10630964356655656
1,42,499699.65530031093,1097656.3701717763,39998.98369865706,82.2442269438205,40000.265466687684,0.16495961753060745
1,43,500579.0112768435,1098115.9012920496,40991.17107207156,85.1008300524673,40992.45695231154,1.1374247822905115
1,44,500828.08564131375,1099017.6194252982,41926.656844740304,103.67435344920781,41928.12709004012,-0.42437570202609576
1,45,500785.34913036413,1099953.3127065483,42863.32558337989,96.73655234059339,42864.82152208768,-1.5922799629858377
1,46,500625.99127451406,1100901.846037236,43825.15218191354,70.0,43827.01965598624,0.14198592965376244
1,47,501142.6312798412,1101721.6048531628,44794.131754140944,72.40125447600914,44796.0022035159,0.6506337958226754
1,48,501952.40049268864,1102276.8780728097,45775.994538104474,83.55147490320813,45777.92829744975,0.23191448235293285
1,49,502773.70859231945,1102775.2890466887,46736.702867100445,87.44012767105782,46738.644496450564,-0.41341158300002356
1,50,503535.49346173095,1103124.5496479613,47574.73577508531,81.39328571356944,47576.69921970151,-1.0083137790124002
1,51,503294.13967841724,1104065.4747350798,48546.12224209463,64.29667764580206,48548.236127027354,0.3202568193106875
1,52,503926.47497548134,1104797.3366068166,49513.31908204773,69.70291545473881,49515.44807620008,1.0649839286577314
1,53,504788.9114938119,1105190.8766838957,50461.30143442435,87.32554426447568,50463.59421338763,0.5404450790516284
1,54,505655.00597353594,1105156.3858386646,51328.08241380337,95.50173826070173,51330.41375421578,0.1336734186459229
1,55,506527.9772885719,1105161.8057829733,52201.07055385563,97.53845932179333,52203.40427014627,0.08256926602325394
1,56,507456.2776447225,1105450.2451733546,53173.150197276314,98.93932966371338,53175.48492296815,-0.206641726006007
1,57,508359.672234585,1105036.6775388569,54166.70944226219,95.35596472462585,54169.050629804486,0.16839928360100975
1,58,509320.5019961079,1104914.1281960707,55135.322973060494,98.20284621822589,55137.668344271755,0.6713313319181641
1,59,510228.71279438917,1105295.1706833655,56120.22917734521,109.74346333069549,56122.64215970131,-0.32005004400563203
1,60,510807.82428815257,1106037.9792738408,57062.10747324797,104.48214516776797,57064.53515031197,-0.689086458821104
1,61,511257.3251165197,1106880.1991417243,58016.77249332591,93.0,58019.26921811204,1.023608468583598
1,62,511712.16903326404,1107715.9006816093,58968.23455371798,110.0,58970.883137916455,-0.6778383443914032
1,63,512001.90609515604,1108594.0640827997,59892.960742502604,99.05950631974946,59895.6740432708,-1.4910492908951254
1,64,512979.7283951966,1108733.714443434,60880.70497745512,73.34892318631515,60883.752839605884,-0.19065070658064928
1,65,513969.974449162,1108817.626299866,61874.49994979294,70.0420755518683,61877.553313687684,-0.0663382983910853
1,66,514863.54200156464,1109241.242803859,62863.3952491862,68.89711057678068,62866.449275913685,0.00040715194591987413
1,67,515787.63320854947,1108947.3157032672,63833.105360141526,68.90400147453991,63836.159386893494,-0.25379643431769094
1,68,516756.4817525085,1109118.8079473686,64817.014446855566,64.5456656030859,64820.07812642945,-0.36279197875871194
1,69,517611.75944526884,1109610.4435481487,65803.5262286848,58.29907383647648,65806.60968476735,-0.682715548693789
1,70,518502.11992811365,1109779.019738949,66709.70486533231,47.50086964485561,66712.85265590153,0.15655558910682082
1,71,519466.3880822894,1109514.0917741025,67709.7048151899,50.233286800299375,67712.85633880411,0.007224182822411935
1,72,520445.7662552538,1109315.8150250749,68708.95216939408,50.3592776790549,68712.1037009511,0.47812351027924105
1,73,521419.99399545905,1109145.825969908,69697.89906820208,58.612062484909735,69701.08503399993,0.5557364638284801
1,74,522354.8905388544,1109497.5128654889,70696.75602461574,68.30071051419345,70699.98897796882,-0.4185918376391159
1,75,523285.6176828194,1109861.2670135186,71696.04081721592,61.0,71699.3004394742,-0.23395552068153772
1,76,524193.4855224849,1110254.754568953,72685.5136417951,56.95966895935666,72688.78151299487,0.5190360819815691
1,77,525169.0271506232,1110387.5515550165,73670.05237020462,65.87873956807938,73673.36064011404,-0.7261722215233752
1,78,526048.8558150429,1109971.969167425,74643.0925541697,53.545674296336195,74646.47898035319,-0.0033006989132126586
1,79,526795.6089061702,1109365.5333364145,75605.07207382789,53.49025651887396,75608.45850160763,0.1794650186667813
1,80,527761.9746309359,1109190.744216271,76587.11787241494,56.56628490088475,76590.50911765198,-0.04850512324877495
1,81,528738.0751047583,1109197.5182263644,77563.24185132793,55.73992341987097,77566.6334463531,0.2530436092625064
1,82,528968.4055438854,1110117.7122034295,78511.82451331132,59.929312989846395,78515.22535945401,-0.054956159077744815
1,83,529375.5070151271,1110757.4317686483,79270.09407620491,59.202006443786445,79273.49527115146,0.6891874842740212
1,84,530090.1386404927,1111284.5908691224,80158.12283541562,69.88425617427652,80161.58827734203,-0.19190080556177466
1,85,530035.2902927833,1112273.285611414,81148.33777909262,66.56771597643163,81151.80877506975,-0.25858120727148043
1,86,529871.9881815223,1113183.0369613653,82072.62945290594,62.39627295546365,82076.10986195513,0.7797158374288989
1,87,529251.1993865968,1113966.478476811,83072.20903254379,76.0,83075.78200691992,-0.4893005722242803
1,88,528817.0307692641,1114793.8834889573,84006.608006431,68.02012658877756,84010.2150546987,-0.303730696133813
1,89,528114.8109982833,1115456.9294316832,84972.39397077376,62.90034999161454,84976.01458929887,-0.9746386217605577
1,90,528252.3483431356,1116310.0692160376,85836.54905689975,48.19908968775478,85840.29471745867,-0.01825297524956856
1,91,528718.8861360013,1117167.2463289243,86812.46407114474,47.88818802353616,86816.20978122634,0.26054180167201557
1,92,529470.1226471978,1117774.0784061006,87778.17700242648,52.27961656198948,87781.93269712373,-0.3000324924712657
1,93,529720.5916654168,1118735.4743224822,88771.66421277338,47.07711873215861,88775.43352908439,0.16638106099044114
1,94,530410.6129710367,1119444.2680861594,89760.86490102472,49.94966404124552,89764.63838812697,0.07348368395349346
1,95,530326.9112619826,1120232.5971276937,90553.6250500137,50.96640504163484,90557.39918911758,0.19043035475349643
1,96,529812.3765684033,1120973.6422979243,91455.78573149942,53.96487042037657,91459.56485351267,-0.23253611229454058
1,97,529686.5963098103,1121942.430871981,92432.70536722927,50.0,92436.49253500807,0.17778406339039862
1,98,529430.3900884909,1122893.0980021553,93417.29138187537,53.055098747413005,93421.0832895173,-0.2421555838955206
1,99,528851.5352539271,1123708.1369648837,94416.97204601926,48.830010994326344,94420.77288215578,-0.1056864511117057
1,100,528379.8433643715,1124579.0253523362,95407.39610775864,47.00309592680284,95411.19862883798,0.010917020642822439
1,101,528028.160348998,1125497.2270903804,96390.64346984483,47.19044187043111,96394.44600877243,-0.16272010001474368
1,102,527162.2411231678,1125968.748477673,97376.61939467094,44.390261232200444,97380.42590985983,0.9497649975779727
1,103,526260.7749046419,1126334.2580024977,98349.36733523983,60.51652017093643,98353.30751216732,-0.6212679858804593
1,104,525505.88398004,1126957.73977898,99328.44334539009,49.899814611231,99332.44108226319,0.10294299469257215
1,105,525143.176711543,1127710.6545363488,100164.16889512776,51.401359474326085,100168.1679809097,0.42276648462228605
1,106,525959.2799949036,1128282.4120402588,101160.62823317891,58.75403467076802,101164.6544455553,-0.15951587712328574
1,107,526738.4954616339,1128891.7993704218,102149.83481511968,56.0,102153.8648612212,0.09926912790712872
1,108,527206.0091979984,1129728.8358743894,103108.58358443511,57.66110401590614,103112.61506952907,0.06267789021850613
1,109,527643.9616832433,1130602.1289901796,104085.539696765,58.72983146674573,104089.5717664185,-0.1500709906524266
1,110,527435.4375925764,1131492.6944425253,105000.1921560631,56.33413817609477,105004.22736315774,-0.19821235401930615
1,111,527046.6169804946,1132390.7470083823,105978.80335537676,52.94866013651817,105982.84441843712,2.5560554028190796
1,112,526539.1125724926,1133165.9423531925,106905.34992558075,94.31081222613601,106910.31375721996,1.6843389520213488
1,113,526775.3324616054,1133727.5149378218,107514.5819042389,112.22572434639599,107519.8090795121,-1.2282380367811763
1,114,527095.9235343098,1134668.0990760517,108508.30075632311,90.92031066682233,108513.75630026359,-1.2314480518088755
1,115,527630.5718074633,1135511.2447846755,109506.67115950858,69.45920753874043,109512.35734217381,0.33756354739781114
1,116,528431.9484877745,1136088.4153846388,110494.259375927,75.2777449916447,110499.96269887587,0.35695858653765977
1,117,528580.2161609769,1137030.4548586756,111447.89540374912,81.2190721845101,111453.61723429694,-0.12689188761120568
1,118,528765.6157869687,1138003.9170118875,112438.85533485326,79.02440823441171,112444.5795956426,-0.30507050074141
1,119,529225.3925372325,1138847.3560328078,113399.47182549565,73.90957210279926,113405.2097032505,-0.5712165165549868
1,120,529330.5720627347,1139809.5403950557,114367.3878753363,64.25950786525635,114373.17385717301,-0.06240706551812913
1,121,529232.0089825799,1140773.2742112915,115336.14870718593,63.20432465408649,115341.9352636801,0.39580744773329624
1,122,529052.9379126815,1141690.7852746102,116270.9711498919,69.66231465457244,116276.78001283454,1.587238676495569
1,123,528454.7981850635,1142437.1436332117,117227.43439184599,96.16555690125873,117233.61038184408,-0.8875527582167669
1,124,527636.0490241124,1143002.9814476045,118222.68442111247,80.74718614611514,118228.9798343147,-0.4939371908404884
1,125,527086.9544330047,1143819.9655712517,119207.04610681307,72.26096089181688,119213.37809939565,-1.8711532875459798
1,126,526444.837004333,1144528.6059332334,120163.33369683685,41.01961832152652,120170.17587129892,-0.5392834840526658
1,127,525797.5749616285,1145209.5068216873,121102.7878850884,32.176958468079484,121109.67167461933,-0.13205632676738646
1,128,524982.2600512282,1145686.3572671271,122047.31144246386,30.0,122054.1977407421,-0.04220548917113663
1,129,524136.9764538359,1146215.891803826,123044.76378998597,29.265251782519137,123051.65035888109,0.15757901198012095
1,130,523151.52136838814,1146114.8974248194,124035.38056252002,31.98972480960374,124042.27087793924,0.5825101906990721
1,131,522264.63884777046,1146498.6616592624,125001.73225471844,41.8146911268682,125008.67251441235,-0.1689318814453665
1,132,521512.7116876325,1147134.015748843,125986.14541660734,38.912221680427116,125993.08995515025,0.13032888066092457
1,133,521067.6576967852,1147750.7826926121,126746.72053958688,40.64228061741049,126753.66704578557,-0.2829762537424758
1,134,520715.53570166527,1148657.501954519,127719.41253572957,35.83824483208472,127726.37090520008,0.1285243032581473
1,135,521161.4195599894,1149511.8501291827,128683.11540418294,38.0,128690.07619824908,-0.36492171657407035
1,136,521624.23020144895,1150356.6018757015,129646.33874437705,31.865065267942313,129653.31907547105,0.2689424835359289
1,137,522168.8821814718,1151174.0126303474,130628.58419290489,36.47569231176801,130635.5753450033,0.03086852343787156
1,138,522589.0875288201,1152051.797252284,131601.7637120319,37.0,131608.75500536762,0.525674570516503
1,139,523274.4120393248,1152771.6572747538,132595.67927013978,46.11918467762767,132602.7123968981,0.19634840015166422
1,140,524226.09384329856,1152975.2232131409,133568.88908682173,49.45431581957376,133575.92792820957,-0.9155599381431645
1,141,524698.4171743601,1153837.385956614,134551.95262764618,33.74407994652238,134559.11699284034,0.10850731346724628
1,142,524712.3884528317,1154826.6630007154,135541.3283230259,35.617771655943756,135548.49446242853,0.9802349062939478
1,143,524818.9760131359,1155795.5075784912,136516.01838858376,52.29471470695454,136523.32718875993,-0.9276661679858181
1,144,525116.2594470502,1156699.1595050078,137467.31447518192,36.89109644251068,137474.7479767568,-0.27039726183815305
1,145,525574.5300326501,1157585.7035593882,138465.29858827358,32.181252589576346,138472.74320350512,0.5022036437972642
1,146,526150.9362344663,1158389.4416195464,139454.35823199534,40.85068831187563,139461.84084173644,0.43116251262983335
1,147,526112.841604483,1159363.4020071009,140429.06333476174,48.185682927386885,140436.57354330382,-1.0501271150779803
1,148,526553.8115350652,1160209.7471226933,141383.39793769977,30.692511802240556,141391.0684596868,-0.038939702977709066
1,149,526774.8318078441,1161160.2016748514,142359.2123753349,30.029322811077538,142366.8831226822,0.0428632425788284
1,150,527545.3744591667,1161785.5911517648,143351.60744552687,30.771738376842553,143359.27847057648,-0.06146194512227429
1,151,528038.0860516974,1162610.6395402115,144312.58067964562,29.740889205467127,144320.25225759807,0.13163012738771096
1,152,528094.4858285598,1163592.3616830583,145295.92156692012,32.0,145303.5957398907,2.0073689315366114
1,153,527734.8899321093,1164225.5983511882,146024.13711647148,57.5236193232023,146032.25844769983,2.2562336048297356
1,154,526815.1414087358,1164481.1382062337,146978.72496667932,95.13349510142183,146987.5869077179,-0.44237119316087004
1,155,526874.0068184109,1165322.3998163058,147822.04355003755,88.62224306610848,147830.9306273485,-1.7519559724753566
1,156,526515.5324455323,1166190.813868622,148761.5364144442,59.88603742935814,148770.86286521752,0.268298092936697
1,157,527105.650154182,1166841.6563982675,149640.07776717455,64.0,149649.41385016107,-0.41298920299572806
1,158,527409.6726683148,1167643.5590396177,150497.67763617175,57.81829476115362,150507.03599818645,-0.03664705010111722
1,159,526910.2516544568,1168345.6426750673,151359.2708001703,57.26720963024243,151368.62933842526,-0.11471515216922396
1,160,526215.2629122138,1167640.886247491,152349.0641998526,55.28548509232749,152358.42472197016,-0.7218782133872564
1,161,525234.4966819015,1167797.4148960453,153342.24274187777,42.7716159018245,153351.6820971058,0.5264258729497417
1,162,524236.02309903305,1167820.8663588364,154340.99169271238,51.94824440412515,154350.47320504775,-0.2276190498403267
1,163,523244.27591238025,1167885.3044655009,155334.8300859254,48.0,155344.31944087002,1.2884376895971958
1,164,522724.59979576274,1168686.3199281744,156289.65417319213,69.47520749249477,156299.3849999609,0.3969862453414217
1,165,522481.50487478,1169653.4396328272,157286.85809603607,76.38466189934582,157296.61285972793,-0.3277121265278072
1,166,522938.70379590464,1170527.6377979172,158273.39409909138,70.74195418548896,158283.16499999963,-0.6791156192627953
1,167,523105.49211144244,1171495.3908227207,159255.41459746004,59.10171301500361,159265.2544839219,0.1899575361278431
1,168,523025.647792921,1172490.0665535321,160253.28980241576,62.41006506853477,160263.1351731121,0.43225224787118455
1,169,522272.97774945846,1173104.9143375794,161225.16942041056,69.74228261194432,161235.04244918725,0.8465037588783525
1,170,522470.6737253591,1174053.3228647935,162193.9637398508,84.05656046234454,162203.94251210915,-0.056579580922993054
1,171,522923.1747772967,1174941.5455871762,163190.80716113705,83.07217728726958,163200.78641943462,1.3124237354089023
1,172,523044.3806537799,1175927.1595629412,164183.84581784546,105.82281446966695,164194.08565189654,0.526034147890917
1,173,523380.36521055363,1176868.5528873461,165183.3992249352,115.0,165193.6811872802,0.6532028125655053
1,174,523739.09666588414,1177801.9936958372,166183.3992249352,126.4010337063861,166193.74617695317,-1.3851243190791658
1,175,524155.7748099556,1178706.7966957556,167179.53633618448,102.31474661734208,167190.17444513598,0.4945327834918458
1,176,524423.0706232014,1179652.8272539403,168162.6034085646,110.80003074794902,168173.27813694312,-1.3373713035896475
1,177,525152.7822251081,1180300.0338251453,169137.9778842242,88.02916011070793,169148.9183781785,-0.11176001423350296
1,178,525872.1908722345,1180769.4706853766,169997.00044929684,86.35356556127601,170007.94257744245,-1.8529815691280185
1,179,526468.8615652934,1181568.2759449594,170994.04897303705,54.09714217703348,171005.51274316618,-2.3374541520431324
1,180,527354.354685902,1181863.2157120353,171927.36967507252,16.0,171939.61066367026,1.6409835806354647
1,181,528292.987942342,1181796.2746593046,172868.38694092672,42.9586391687265,172881.01401126446,0.1986372830668075
1,182,529055.9676648136,1182368.7045110571,173822.2286427202,46.26550199216356,173834.86144530308,0.6218985666993745
1,183,529571.4535272896,1183190.5871782294,174792.39192434383,56.79624011063957,174805.0818787387,-0.40910031073961656
1,184,530229.8464669124,1183873.9678053919,175741.3336214603,50.02054137959463,175754.04776570178,-1.419036734496684
1,185,530529.5831829251,1184807.4491212259,176721.75672703117,25.733570363588125,176734.7716426918,0.1627936279811009
1,186,530804.0852758479,1185690.636446536,177646.61955502653,28.361376139017757,177659.638203862,-0.31663236104885295
1,187,531046.9920115424,1186589.1333022006,178577.37209028218,23.21772724521254,178590.40495176867,0.78419101536021
1,188,531015.0015380951,1187522.115748323,179510.90282633965,35.99549442386487,179524.02313202122,0.1872143559953477
1,189,530703.875570974,1188250.6248313873,180303.06748821505,38.583907149448414,180316.19202272865,-0.08104321432714905
1,190,531376.4730908863,1188974.0847906664,181290.8841394577,37.18666828381205,181304.0096621483,0.2820805943367578
1,191,532349.3099821946,1189190.4935809895,182287.50060611853,42.093285123438044,182300.63820704774,1.3897169814304005
1,192,533306.0210182326,1189066.2868098717,183252.24063766506,65.49777664679189,183265.66209208473,0.16595276130845354
1,193,534236.6978128325,1189399.8979048491,184240.9042097152,68.36137166191183,184254.3298112277,-1.5085448301512188
1,194,535076.6297070914,1189261.1708009122,185092.21543151364,45.941954565842174,185105.93619132528,-0.2934947113886955
1,195,536022.20828742,1188944.620307985,186089.37292466543,40.83402143483737,186103.10676706926,-0.5674118734329354
1,196,536975.1292579513,1189020.9307886944,187045.34450664074,31.366528990611233,187059.1252286889,-0.15348935767684843
1,197,537954.6890831252,1189063.1534797295,188025.81388746455,28.7399485205613,188039.598127681,1.6532785502681082
1,198,538932.0313298996,1189133.9410864648,189005.71630740096,57.02303402703002,189019.9086323289,-0.3404239782777817
1,199,539873.5621876442,1189345.9595954763,189970.82366114395,51.288762607015535,189985.0330212641,-0.5663969379313394
1,200,540528.8720109677,1190052.1576729792,190934.22736116438,41.76473333634953,190948.4837965228,-0.36466913542961676
1,201,541355.9372405827,1190543.1397008388,191896.04867810386,35.642968569595865,191910.32459505607,-0.2977254214625819
1,202,541962.9918623323,1191332.869133659,192892.13496495356,30.466969895756336,192906.42432992818,-0.4943361055967618
1,203,542835.137294449,1191725.5600248487,193848.6096330893,22.214500011116222,193862.9345985843,0.25125662964176176
1,204,543409.5920036832,1192423.783450462,194752.77453233968,26.1795194839362,194767.10819166026,0.644108837649464
1,205,544358.584587492,1192684.3195458867,195736.881224291,37.243135806220664,195751.2770718579,-0.6524333605131046
1,206,545230.4386786328,1193143.755942209,196722.38178669798,26.0206471467939,196736.84153081337,-0.07143981889790137
1,207,546177.0371589671,1193365.7163174662,197694.65494335486,24.808357955230093,197709.11544324784,0.5362719735726401
1,208,546801.3283273464,1193733.239621306,198419.09461771132,31.589102405314314,198433.5868507423,-0.2102796225805873
1,209,547049.0974072199,1194679.2652561273,199397.02816283613,28.0,199411.52698200618,0.49254395972719245
1,210,546486.4323583291,1195486.3662066872,200380.90005573578,36.45807666445232,200395.43523011613,0.3430271182045256
1,211,545980.8674798205,1196329.5851986865,201364.06541052085,42.34431140531804,201378.61820525813,0.37884906627473103
1,212,545544.6404476665,1197143.1526315387,202287.20461528882,48.44834778722522,202301.77759054315,-0.10722423392623433
1,213,544809.6460373015,1197770.7103528169,203253.66489735097,46.63969651796456,203268.23956497517,0.12520154249138546
1,214,544647.3063011928,1198748.2246121455,204244.56767618982,48.80500005150384,204259.14470960305,-0.07286055593964497
1,215,545097.3089290434,1199619.93156435,205225.57500317262,47.557494940989855,205240.15282978502,-0.15058103630279063
1,216,545912.9434567072,1200158.816518188,206203.15194448744,44.988284973705575,206217.73314721693,0.08442310675598777
1,217,546369.3989455928,1201036.6919860162,207192.60479851763,46.44620639633063,207207.18707534263,-0.14038535075981365
1,218,546717.5189097504,1201942.9669586378,208163.44043622637,44.06747317328893,208178.02562722296,0.05651317744771314
1,219,546958.8684861937,1202902.810479851,209153.16221696287,45.0436766778443,209167.7478893943,0.04271161011996262
1,220,547511.0484218127,1203713.4189827456,210133.97250762326,45.77482991203101,210148.55845257678,-0.10725338507718209
1,221,548128.705534695,1204488.1314091748,211124.7699908446,43.92012946066346,211139.35767172844,0.7537695809853746
1,222,548826.1164832138,1205204.7513563386,212124.73308005696,57.076163858866764,212139.40730101103,-0.6417494060137515
1,223,549166.4383367484,1206127.4425483125,213108.18516314964,46.06041035114204,213122.92107649395,-0.264030181700547
1,224,549720.146671576,1206957.9327303746,214106.33688636567,41.46069901844547,214121.0833979144,-0.27112071327185794
1,225,550315.8636398539,1207710.9709660388,215066.51670841276,36.91714304524051,215081.2739699194,0.15178687837673363
1,226,550326.8963998636,1208707.1584251444,216062.76525946453,39.55639174197923,216077.52601689668,-0.38463391999202035
1,227,550389.3800063991,1209681.7951367805,217039.40281800635,33.0,217054.18558247067,0.08401295122633763
1,228,550385.5674405592,1210625.7170810779,217983.33246188052,34.38408749545522,217998.11624109058,0.17192749679536992
1,229,549723.3847970108,1211355.3590958996,218968.65643053743,37.34075888304256,218983.44464579408,0.6967789915288597
1,230,549019.4768506926,1212037.356874062,219948.76222396395,49.26049887324256,219963.62291861474,0.001957696453452708
1,231,548753.494469987,1212961.6927066345,220910.60595255162,49.29336338914525,220925.46664776385,0.13514707353706928
1,232,547873.2355750008,1213190.812879359,221820.19474742084,51.43887031434649,221835.0579730037,-0.14099253594848823
1,233,546883.6315707242,1213245.117062861,222811.28759353873,49.0,222826.15381988962,0.4479956367093455
1,234,545921.2443418289,1213030.0464990928,223797.4136127373,56.71067539042438,223812.30998412296,0.1568517678767064
1,235,544989.078765589,1212883.533487591,224741.02302561206,59.2938878991179,224755.9229328751,0.6792468149020308
1,236,544108.1167542124,1212685.0764362714,225644.0619321422,70.0,225659.02530112775,0.15251305233062015
1,237,543948.2597300191,1213610.3207761638,226583.01419753532,72.4993606060485,226597.98089299048,-0.7840689276603657
1,238,544609.7693708232,1214297.221095625,227536.65304623678,59.44839465570315,227551.7090416077,-0.7107027938600926
1,239,545304.4018442773,1214980.0128324202,228510.67503213475,47.36590519784285,228525.80596469296,0.16545308444861795
1,240,545947.8592076583,1215731.899532286,229500.30677572647,50.223673797285734,229515.4418344783,-0.546199676797829
1,241,546655.1915791136,1216392.522524883,230468.16101168166,40.996856571574185,230483.3400503112,-0.32654962097333273
1,242,547575.038144408,1216637.8289001107,231420.15519307737,35.57103449883749,231435.34969362183,-0.017877863931799822
1,243,548473.5205687066,1217003.514583458,232390.20502982728,35.268352177404964,232405.39957759436,0.09672663839530872
1,244,549210.1051923926,1217675.7039710737,233387.39883279338,36.95181467398386,233402.59480157006,-0.33705869067742167
1,245,549523.1575806728,1218520.8130900108,234288.62645149935,31.65002616602525,234303.83801495912,0.7896965242239434
1,246,550089.7119754703,1219141.6082069343,235129.08493319876,43.23463462731004,235144.37633211885,-0.8263114265550441
1,247,550771.6285756041,1219800.4419140096,236077.2790605359,29.5589682261946,236092.66907540444,-0.5399967115828511
1,248,551043.1823918878,1220762.8651706185,237077.27906053583,20.133968597824925,237092.71348972706,-0.10523106591709462
1,249,551691.9200996615,1221485.2582874994,238048.21285271962,18.35072184496331,238063.64891949226,0.08560400452450345
1,250,552046.3341165126,1222382.8714056206,239013.26135158574,19.79257459983727,239028.6984954743,0.2792228385044151
1,251,552684.9593936068,1223101.1605130802,239974.39687087463,24.47656903631335,239989.84542817637,-0.5373634920196972
1,252,553173.2081943479,1223973.839048589,240974.3742294999,15.097744176176482,240989.86676800816,-0.00653011753557623
1,253,553684.3157358594,1224833.1176000207,241974.1694825094,14.983795459579627,241989.66202751116,-0.05185469614468668
1,254,554532.5531221459,1225355.8841793572,242970.55874377495,14.08202787860613,242986.05169684245,0.13603445866045596
1,255,554974.7595679434,1226218.532640175,243939.94458422036,16.383595759267536,243955.440269537,-0.11319284888875654
1,256,555871.2824549446,1226628.8094847028,244925.88594965372,14.435779390750664,244941.38355901223,0.2540306848330101
1,257,556259.4280258053,1227508.3122329754,245887.22983630295,18.698090649288208,245902.7368945217,0.0952247245970657
1,258,556471.6418864477,1228478.3595617367,246880.21852842675,20.348424453991175,246895.72695806078,3.072462724260923
1,259,557167.5217820609,1228429.703049145,247577.79740234438,57.79170350959836,247594.3100128815,0.7079057021051711
1,260,557976.0266956069,1228923.7184792734,248525.28431013416,69.49877028161823,248541.8692436663,-1.6453052433479993
1,261,558039.9517620385,1229891.5271577246,249495.20185931234,41.63896582343041,249512.18683131904,0.16345817559733036
1,262,557992.9593214644,1230877.4223946696,250482.216402114,44.45481082156698,250499.20539076207,-0.30758695594744645
1,263,557925.2305645157,1231855.3741696263,251462.5106735747,39.192143481640315,251479.51378832184,-0.3562924656696621
1,264,557742.1690801854,1232820.008870388,252444.3617890493,33.086446568344826,252461.3838879244,-0.11053926507508093
1,265,557340.2709351281,1233688.4191254629,253401.26224892997,31.240320977255756,253418.28612864678,-0.95306989551152
1,266,556926.5736517448,1234592.4561540482,254395.4596092826,14.7011101345145,254412.62105050532,-0.3067649944798266
1,267,557624.580618966,1235153.6733316886,255291.10376114657,9.905732516608852,255308.27803976773,0.284930437048593
1,268,557944.8525855344,1236041.1484896096,256234.60060189193,14.59775670407526,256251.7865471949,0.3934978532477167
1,269,558678.4384974742,1236437.1225052231,257068.23344147875,20.323097961558638,257085.4390472032,0.8761435530190874
1,270,559669.7466935819,1236555.4772306674,258066.58196814934,35.59062406352664,258083.9043085211,1.9617921713821997
1,271,560532.8515556658,1236966.4051825053,259022.51699970462,68.33438077207077,259040.39996358595,-1.0974999693068732
1,272,561052.570165676,1237783.9667879688,259991.28653489804,49.77534203600492,260009.34725329664,0.7267773956964815
1,273,561962.1384452942,1238146.949306721,260970.6081185505,62.19836816839145,260988.7476289275,1.0800008482494032
1,274,562455.557714368,1238998.795177246,261955.03889936933,80.7566638085202,261973.35332287845,0.1190969371900004
1,275,562937.4297452682,1239862.3776424825,262943.9652507363,82.8122823930677,262962.2818106852,-3.1740465781903024
1,276,563650.039726861,1240372.209735376,263820.17398660345,34.222737900068246,263839.8367620381,-0.7643606531358192
1,277,564398.9717317282,1241011.8275815398,264805.06491307466,21.08291257291086,264824.8153364523,-0.3050796007823332
1,278,565234.0599106479,1241540.4372041072,265793.39704330335,15.820346571142702,265813.161477358,0.30975184199217937
1,279,566070.2972959873,1242021.258723293,266758.0121468298,21.035289427616654,266777.79067740345,-0.46530969177388753
1,280,566708.4000918996,1242781.5307674801,267750.5788999118,12.974292828537095,267770.39016309235,1.2530164534256767
1,281,567424.6521192896,1243086.3038897414,268528.9770132145,30.0,268548.97445364663,-0.8449111084866695
1,282,567874.5480735553,1243714.2226804816,269301.43308149884,18.608165711346565,269321.5145181855,0.20707010041392918
1,283,568710.1712665205,1244050.2555844977,270202.0907485415,21.863206259226992,270222.1780671825,0.24768042728999162
1,284,569507.2448888004,1243454.0617719863,271197.46676865214,26.166083290382304,271217.5633876298,0.4497254055263219
1,285,570161.4502190165,1242754.2725086967,272155.42795111134,33.68545614301092,272175.5540807301,-0.08454528645988242
1,286,570903.2363799673,1242107.5940010375,273139.52134141856,32.23333316501573,273159.6485424092,0.21797717998286917
1,287,571572.3999961644,1241377.8938325415,274129.59319797496,36.0,274149.72756396455,0.4249660508947751
1,288,572413.056540133,1240925.3786110946,275084.30438496213,43.08127695285146,275104.46501218877,-0.6995304598970359
1,289,573304.1157805362,1240555.4115359178,276049.1163908072,31.301195963894102,276069.3489310779,1.189848997209935
1,290,574257.0408710731,1240440.0464607556,277008.9993673945,51.23774308545865,277029.438924075,-0.49791633124523
1,291,575237.9306697157,1240475.9982597039,277990.54780172097,42.707598230495826,278011.0244233057,-0.2931003134162625
1,292,576013.9542023935,1241079.6738343893,278973.7246539411,37.67804876441489,278994.2141400488,-0.09527899685163281
1,293,576497.837068343,1241927.4184315128,279949.8463317618,36.05482309600445,279970.3371675269,-0.42952228103866946
1,294,576626.5970706571,1242887.0864390747,280918.113765343,28.795994761600973,280938.63180942193,-0.21071944207554683
1,295,576642.6808807994,1243867.7859660652,281898.94517348,25.18872768721985,281919.46985087625,0.18857376309681714
1,296,576694.8438436721,1244797.5657415793,282830.1870355387,28.253672746883446,282850.71675666375,-0.047061339668761186
1,297,577050.8767596037,1245630.0287972922,283735.58980577614,27.509997082610145,283756.1198323196,0.23173568288759008
1,298,577791.5192080331,1246246.3046053038,284699.0975161531,31.406974078695495,284719.6354234678,1.2541112405268833
1,299,577405.1452217194,1246952.3409553363,285503.940472802,49.02648870490901,285524.6712190464,2.048612439220458
1,300,578180.9958747127,1247481.6041646062,286443.12297926,82.62130677112067,286464.454381397,0.07091231536788048
1,301,578296.1294337017,1248470.901140137,287439.0969960898,83.85397801220694,287460.42916103674,-0.8890377725218443
1,302,578130.9310485781,1249417.8170576156,288400.3151093303,68.93790902586271,288421.7630002079,0.14404626578126864
1,303,578082.5942469425,1250408.8284471696,289392.50461775,71.43235968115994,289413.9556442555,0.4661273963727336
1,304,578054.350972528,1251401.359177136,290385.4371091498,79.510498283443,290406.92099551443,-1.6584503128653587
1,305,577511.5538581609,1252190.4130598234,291343.16083609266,51.78103956654961,291365.0460708726,-1.362060821891609
1,306,576905.8601134755,1252978.388460959,292337.02709728974,28.149955880222244,292359.19322962826,0.3134301060377835
1,307,576105.2333881238,1253562.4209838407,293328.0352411164,33.57120834676543,293350.2162016673,0.08246639729472602
1,308,575707.4330726147,1254471.9213537555,294320.72653950396,35.0,294342.9085282922,-0.3826417802567381
1,309,575637.6291136275,1255468.8679225976,295320.11387873546,28.325633420394873,295342.31815451436,-0.3184064790669172
1,310,575496.2276710321,1256446.6989633988,296308.1158586538,22.835011372857654,296330.3353908281,0.08063908323823404
1,311,575148.773047417,1257371.709858173,297296.23015918914,24.225701657867415,297318.45067000453,0.08374234263233023
1,312,574850.5325763042,1258301.631448729,298272.8065992038,25.653046879019932,298295.0281531087,-0.32034563115866865
1,313,575140.1967724705,1259226.9868353917,299242.439487552,20.23168951288439,299264.6761971341,-0.30099043224375815
1,314,575428.905631726,1260163.6064894283,300222.5462071189,15.082872943431221,300244.7964408044,0.2528563540005646
1,315,575792.2900293152,1261095.1253797186,301222.4340325168,19.495582456603596,301244.6940032497,-0.5492850481508205
1,316,575839.8663437048,1262084.4334308621,302212.8854072689,10.0,302235.1908946302,0.16599997638035788
1,317,575344.7759875186,1262947.2393319942,303207.64592308004,12.88207413477826,303229.95558548335,0.12890601871733107
1,318,575572.7436220872,1263841.101604526,304130.12031549774,14.957492305916428,304152.4323125757,0.47323715980107156
1,319,576479.019656717,1264112.0771602844,305076.0399752802,22.770537467812034,305098.3842386468,-0.646201465268068
1,320,577043.3585688171,1264816.7064772693,305978.8028910366,12.588435747298341,306001.2045736307,1.1367524031419232
1,321,577654.5720651137,1265606.8533981987,306977.7593939482,32.41040580329776,307000.3577176513,-0.24957685928026727
1,322,577558.727671638,1266530.9088938842,307906.7721532078,28.36365829201986,307929.3792906153,-0.8281850388187167
1,323,577224.5260707836,1267452.6482825966,308887.22827701835,14.19061350510582,308909.93784874235,0.5485691139573073
1,324,577559.4924338463,1268344.9996436762,309840.3774867458,23.316664310738865,309863.1307467475,-0.7244853105579554
1,325,578178.2003815976,1269082.0330471636,310802.6756538785,11.148088352485992,310825.50584862183,0.4184783826346941
1,326,578448.8883510933,1270023.7092411553,311782.4848348726,18.304571013343242,311805.3411645828,0.4730179844665462
1,327,578829.7370824679,1270855.4154724951,312697.24218599865,25.856724293691613,312720.1296901221,-0.10977121509715018
1,328,579001.1683166109,1271739.3008386707,313597.59878678474,24.131756768100963,313620.4879433147,0.10255705969851286
1,329,578298.3848895135,1272386.855531243,314553.2303189534,25.842299247792262,314576.1210063837,-0.47507778127339834
1,330,577470.2012358045,1272907.7897230424,315531.6272713488,17.729567212803094,315554.5515930262,-0.0057878748654256375
1,331,576864.4868858848,1273670.7479488659,316505.7910810083,17.631159646035858,316528.71540765616,0.5285212880871223
1,332,576537.9925718387,1274604.9907178583,317495.44156906917,26.760386810344855,317518.4080020044,0.22964034421364654
1,333,575706.618684019,1275100.5956604555,318463.32937272993,30.639682640563592,318486.3035797458,0.3024568269979709
1,334,574859.0124705171,1275568.334333165,319431.42841679265,35.750196668756516,319454.416112703,-0.2273794823639775
1,335,574473.7296386552,1276390.0103517615,320338.9494028111,32.14866201674702,320361.94424511306,-0.24036073068944971
1,336,574091.5669214863,1277302.112333657,321327.87729086546,28.0,321350.88083517744,0.16432837000628175
1,337,573885.6249571736,1278264.416844482,322311.9718311507,30.822460860563158,322334.9794229747,1.6188140602692394
1,338,573201.9125974834,1278942.78879484,323275.11828617484,58.04209280787461,323298.51043035794,-1.6458269605436533
1,339,572517.7918815598,1279629.0694440384,324244.13958801504,30.199201176188062,324267.9316546121,-0.524994035360074
1,340,572354.9731476888,1280598.9254204857,325227.5675493573,21.187922023885672,325251.40090085304,-0.44502853998808484
1,341,572004.2710951223,1281526.9577758429,326219.65423017915,13.482018208296646,326243.51750852464,-0.1752899722441893
1,342,571316.6677251885,1282232.395448039,327204.7637183569,10.468177484563485,327228.6316069588,0.35542942856385157
1,343,571040.3807307102,1283193.470434287,328204.7635346117,16.671669706812054,328228.65066468983,1.0010142135849747
1,344,571013.9800990823,1284184.8523140075,329196.4968782017,34.0,329220.5353837066,0.35846880984877655
1,345,571136.1519716985,1285084.6492502925,330104.55001156253,39.6812731407178,330128.6062894573,0.5549040842073923
1,346,571604.8148131162,1285965.2501149785,331102.0983772128,49.34273467634982,331126.2014406337,0.3504741860350073
1,347,571740.3242725284,1286935.886919021,332082.14869171294,55.33770713742591,332106.2700905999,0.0422525030875677
1,348,572025.5183853167,1287854.7486291535,333044.2518692967,56.04720572870006,333068.3735297919,0.0922092186736511
1,349,572298.505295319,1288787.2708670124,334015.9100278762,57.610949476210166,334040.0329466807,-0.2077624846658234
1,350,572394.6360176433,1289778.426613824,335011.7166507765,54.0,335035.84611649124,-0.054042656350789246
1,351,572262.4801749919,1290743.1348223258,335985.43483089725,53.0815670361158,336009.5647297552,-0.1787655946776445
1,352,572251.0495197732,1291730.7319482344,336973.09810498497,50.0,336997.2328111657,0.4928247515503644
1,353,572339.1906886997,1292719.0718580189,337965.36049111706,58.53507061357704,337989.53190436435,1.0730996932128152
1,354,572032.7997121154,1293656.3748398211,338951.47017580114,77.00619985866568,338975.8145681293,-0.36524821175946964
1,355,572069.0365934813,1294652.0509907622,339947.80551549554,70.65469135640046,339972.1701526393,-0.7966143987362645
1,356,571778.2413723537,1295595.8496743746,340935.3873175854,56.922919357943684,340959.8474164159,-1.4574172778103025
1,357,571192.5261746562,1296354.909220698,341894.1540711176,32.52976700687654,341918.92442769307,-0.38223579614959025
1,358,570930.4262321666,1297316.8596816286,342891.17215978884,25.878288313160038,342915.96470336226,-0.11398332814853186
1,359,570816.3691965034,1298291.9571319323,343872.91756719997,23.925216769212643,343897.71205347904,-0.009991715481464134
1,360,570399.3214862416,1299194.0954113258,344866.78992710426,23.75189702332361,344891.5844284958,-0.23788830954585108
1,361,570563.7444609759,1300123.740488107,345810.8634853634,19.832143155228852,345835.66612404684,0.13219930937610577
1,362,570282.5060486316,1301051.2712107638,346780.0942556396,22.068466090772375,346804.89947427285,-0.07914700840993524
1,363,570648.7038800468,1301981.4698957657,347779.77942873776,20.687524216836124,347804.5856011711,-0.5649264527775003
1,364,571111.2890409378,1302863.8287098913,348776.0435041423,10.864214822807938,348800.89810503175,0.15342602798568922
1,365,571412.2465583793,1303814.286909222,349773.0120171754,13.533892866938844,349797.87019248464,0.31438306186909576
1,366,571821.5779423116,1304725.1352839025,350771.60950542096,19.01327178968203,350796.48271349753,-0.33486358199488453
1,367,572126.4049711983,1305670.279789673,351764.6944234052,13.209148656806201,351789.5845925478,-0.26199801656067395
1,368,572758.7690335612,1306441.8905944123,352762.32538792,8.647221792644013,352787.22598730616,0.4447242309022023
1,369,572990.0924618514,1307360.013009093,353709.1407325438,15.996457388121286,353734.0698540967,-0.11464648923207103
1,370,572763.0932909553,1308331.5965678715,354706.8898168712,14.0,354731.8209358392,0.21931308089760998
1,371,572786.9509246236,1309329.899546126,355705.47783155786,17.822349316061317,355730.4162660056,-0.09961606339850868
1,372,573044.4918488772,1310272.8301038225,356682.9466874829,16.12289259408189,356707.8865992928,-0.1253076030333438
1,373,573597.7864133697,1311097.3060336732,357675.8693602022,13.951337209967367,357700.81164664176,0.16125115490408012
1,374,573837.4480450404,1312057.596971994,358665.6149759622,16.736848574540705,358690.5611821252,-0.14608586033875234
1,375,573582.9624696582,1312783.373663542,359434.71491359844,14.775886170347597,359459.6636196753,0.14137249295971238
1,376,573261.0568280378,1313648.0171593206,360357.3370555933,17.05238293994624,360382.2885702033,0.06202297954790657
1,377,572891.0192225513,1314534.3822227754,361317.84257623716,18.092135571615692,361342.79465361603,0.6645898999903072
1,378,573368.9971387136,1315324.1762304064,362241.00965907145,28.800691093466035,362266.0238429239,-0.9464344847461528
1,379,574190.043808625,1315814.794071996,363197.4737204237,13.0,363222.61840829503,-0.004255333760974235
1,380,575018.9744719017,1316360.8450603434,364190.0953635464,12.9262784024667,364215.2400541554,0.7248774408380566
1,381,575721.1938250031,1317044.5757885396,365170.19726057036,25.326697220596856,365195.4203941627,-0.5094546011868272
1,382,576351.3388766346,1317786.811333296,366143.8483222939,16.66909468314882,366169.10994636966,-0.00036928538263674446
1,383,577209.7653103692,1318141.1715533724,367072.5393945601,16.66310904090968,367097.8010186552,0.5533662686375294
1,384,577892.631634313,1318699.6961251744,367954.7276475329,25.183604008189423,367980.0304176879,0.12078304000553726
1,385,578378.1899089522,1319558.0574555544,368940.90765724826,27.2625354237834,368966.212618662,0.14642745440189428
1,386,578658.1241997997,1320496.73649842,369920.43894960557,29.765871395974667,369945.7471098353,1.2725998708301751
1,387,578747.3942531559,1321481.886679227,370909.6254947883,51.740364618122264,370935.1777034208,-1.9068895015577938
1,388,578845.6193458915,1322460.3461573,371893.0028989795,19.0,371919.09998213453,0.5731340047750488
1,389,579008.3826296178,1323436.1723436113,372882.310046644,28.89644411651062,372908.4566276503,1.665780371834531
1,390,579022.4126973044,1324389.575779681,373835.816708765,56.625892340428315,373862.36641217285,4.79693024336357
1,391,578668.383874909,1325258.05519696,374773.68285343796,135.3301104173346,374803.529128852,1.8507752100479198
1,392,578868.0995974476,1326192.7371092788,375729.46350141376,166.21459533101796,375759.80863739195,0.6605478390481425
1,393,579318.0887888268,1326963.6626536665,376622.10926953657,176.50612749471182,376652.5137303436,0.6168993002980743
1,394,579784.9059475722,1327790.7615603071,377571.85179310036,186.7323281779044,377602.3113068017,1.0717191469192584
1,395,580241.3189785184,1328600.5326633283,378501.390438938,204.12140242781226,378532.01258893963,2.2377040470105527
1,396,580762.2467332737,1329314.1964105645,379384.9523608165,238.64673708465003,379416.24879523675,-0.7117149322587261
1,397,581306.6443582819,1330121.055375046,380358.2920562357,226.55551442386235,380389.6635888085,0.42005801628386535
1,398,580985.9681460836,1331022.2247646085,381314.8167562588,233.5683008863977,381346.213995702,-0.37695457666309423
1,399,580803.7860416612,1331932.26713378,382242.91558335593,227.46215919071255,382274.33290932537,-0.7013555180670126
1,400,580545.3845606595,1332731.5022400178,383082.88467827946,217.17961497611074,383114.36493915645,3.0055817588534075
1,401,580549.1215243869,1333527.1136791941,383878.50489361223,258.9540262739109,383911.081092178,-2.4453096462795005
1,402,581456.0463467228,1333800.7513664404,384825.81171679596,218.49963307889712,384859.25131696847,-2.150865193426403
1,403,582209.7406702711,1334345.303935193,385755.6464512967,183.57752932031215,385789.74161074637,-1.1889063855215307
1,404,582709.4370934423,1335149.9690481748,386702.8436110159,163.9200533762929,386737.14272734936,0.8845993304037033
1,405,583374.6908985627,1335810.549655348,387640.35593829514,178.39561658458058,387674.7668021953,-2.597273243939722
1,406,584161.3821332591,1336136.2870458977,388491.8181784152,139.77154780981493,388527.10462550184,0.05765006550399212
1,407,584911.4285063357,1336693.2712580287,389426.05635700165,140.7115631272647,389461.3432770023,-0.8316741807918886
1,408,585328.1152473795,1337457.9625254497,390296.90684625437,128.06988611796115,390332.2855176987,-0.025659866768190924
1,409,585915.3439278533,1338193.3890524828,391238.0177323007,127.648410369315,391273.39649812377,-0.42272376327246297
1,410,586230.8091080018,1339118.0238151718,392214.9863726669,120.44028164819426,392250.3917291145,0.9280221673822793
1,411,586316.6159591859,1340074.751425766,393175.5541925439,136.0,393211.085562455,0.2545585932876408
1,412,586753.8237457465,1340940.7163554789,394145.6294000005,140.30996152095776,394181.17034426035,0.3817683497363288
1,413,587494.7430312515,1341545.6509638808,395102.1372505044,146.68337734453445,395137.6994282431,-0.8647113347487069
1,414,588047.8901881785,1342344.051784346,396073.4331103412,132.0234090238461,396109.1059147395,0.4900276347716512
1,415,588281.1647572992,1343287.005495456,397044.8129155124,140.33143029213826,397080.52124770056,0.03612654827393652
1,416,588159.944450841,1344191.9269548557,397957.8174118758,140.90710455058365,397993.5259255531,0.290458264237361
1,417,588628.5610081021,1344998.1959095206,398890.3789942905,145.63472220837602,398926.0994912113,0.7537790131622684
1,418,589147.9279359323,1345781.5038969382,399830.2265398402,158.0,399866.0283762716,0.5396903603315553
1,419,589826.500407048,1346509.3143803861,400825.2987474578,167.37323422474753,400861.1447292137,1.3086890443159414
1,420,590728.7881314972,1346898.920312929,401808.10896330024,189.82544086559287,401844.211370875,-1.7349335671823962
1,421,590657.3573505662,1347825.6688890911,402737.6062897531,161.6713748191771,402774.1349867263,3.726687660016768
1,422,591505.4690838875,1348082.8533924571,403623.855341075,219.39707266876434,403662.2620255902,-1.0532981981053535
1,423,592263.9486556217,1348634.0257020826,404561.4491633861,202.15885446842262,404600.0143019418,-1.3625036550889056
1,424,592310.2943865665,1349591.0129138944,405519.5579517542,179.3705642243069,405558.39405784255,-0.740105106375927
1,425,592755.363767476,1350230.9508845918,406299.04968369467,169.3010982890827,406337.95082569704,0.21274563713357442
1,426,593437.1589039882,1350854.7977103002,407223.186832671,172.73253864617305,407262.09434534155,-1.0275776250182327
1,427,593828.713229361,1351673.2420925086,408130.47179148305,156.45898930633578,408169.52523796906,0.7113585293869429
1,428,594680.7725505441,1352160.5325496118,409112.0302851037,168.64620259861516,409151.1593880304,1.3767073015216154
1,429,595350.0083203283,1352847.6248763967,410071.1821923037,191.69721312432583,410110.58824426297,1.4725367364043578
1,430,595946.7452582499,1353565.2423585262,411004.4934071393,215.6891674121995,411044.20778005285,-1.5951924292774866
1,431,596188.5406210255,1354413.9958893382,411887.01680826,191.11216506545665,411927.07333186123,-0.01185642562885952
1,432,596794.7927030833,1355093.6028476087,412797.73476939235,190.92370685752365,412837.7913124928,0.29503202659104766
1,433,597302.426950449,1355843.1961731066,413703.0428289663,195.58543298258007,413743.1113743604,-2.525420259257168
1,434,597481.200422087,1356698.807523132,414577.13134648267,157.033352883949,414618.0496575175,-5.487281038447917
1,435,598079.6000546959,1357415.5745420984,415510.85351061093,67.33532660535045,415556.0703479624,-0.6409631755582904
1,436,598724.9710463246,1358108.7439326218,416457.9477618839,56.73981906703885,416503.22386538936,-1.0788331755086213
1,437,599527.3487398323,1358642.0707642813,417421.4037662799,38.59657773805246,417466.85068611027,-0.15586311028964683
1,438,599552.376368493,1359605.1945563767,418384.8526860969,35.97567761341458,418430.3031707788,-0.775001188540442
1,439,599954.8496848198,1360503.0667170952,419368.8034914467,22.665629996820897,419414.343995499,-0.18666661864558848
1,440,600718.1037803778,1361124.230675249,420352.87741006014,19.45955788521598,420398.4231367237,0.23928165457916625
1,441,601632.7689562632,1361501.2286533436,421342.1902319042,23.59120226063504,421387.7445859758,-0.4859107920264778
1,442,602533.3620761691,1361934.8107908277,422341.72084052366,15.114236625965962,422387.31114029494,0.5001709057067623
1,443,603451.7094877675,1362330.5860194743,423341.72084052354,23.844087511264807,423387.3492447171,-0.21661805237779796
1,444,604368.8309371927,1362705.0149502065,424332.33114592364,20.09887103547477,424377.9666298923,-0.4649852065684629
1,445,605205.7764997561,1363196.9076159238,425303.122714326,12.220216933208402,425348.7901681688,0.08431869796334925
1,446,606002.9874374539,1363636.6572504325,426213.5759092985,13.560076239227465,426259.24434903596,1.2996002527438362
1,447,606816.5793389678,1364162.4534660673,427182.28300774714,35.53635348779655,427228.2006944647,-1.0109262566035304
1,448,607080.4617584923,1365076.3119980365,428133.47770274227,18.75174043236846,428179.54346708785,-0.033418472692392905
1,449,607153.989563132,1365937.5750322337,428997.873649129,18.247570738702642,429043.9395605062,0.09108398426129406
1,450,607626.3292946076,1366788.2921117048,429970.92265675106,19.79444305478014,430016.9897976719,0.552484840847571
1,451,607990.4034847926,1367699.289867198,430951.97664429335,29.254725479738596,430998.08939680347,-1.218686166311391
1,452,608267.0957587683,1368622.5405194643,431915.797364857,8.751083563898943,431962.1281827035,0.9580091764500455
1,453,609024.5105764102,1369251.6413914093,432900.40140357794,25.215605474485812,432946.869871446,-0.4881979011055857
1,454,609796.4879503831,1369543.2357836934,433725.6143188535,18.18407598803581,433772.11274354154,0.049820058373765665
1,455,610397.0511501684,1370333.5508047095,434718.2240051754,19.04717420221923,434764.72280510585,-0.026270403032230032
1,456,610976.9834047664,1370889.4362600027,435521.54838506784,18.678845908519627,435568.04726943845,0.16157475115838993
1,457,611940.0769466856,1370654.1899739653,436512.956467333,21.474635409542692,436559.4592937854,-0.3780308183764393
1,458,612838.0608154936,1370233.0914443843,437504.77247862477,14.930654992463115,437551.29689336225,0.595552377061949
1,459,613592.6020337904,1370840.5802958943,438473.47013776196,25.0,438520.04688511795,-0.07700128123634592
1,460,614069.754774751,1371711.9352351923,439466.91574193223,23.664881932591122,439513.49338643823,-0.3926025457575202
1,461,614520.4048135844,1372604.631130821,440466.9114517095,16.812597010047856,440513.512572945,0.317481008186464
1,462,615067.8563348308,1373434.473009862,441461.06471571117,22.321345011181524,441507.6810992169,-0.30936670407665345
1,463,615782.3214266918,1374118.7838281242,442450.37844930566,16.979525665685205,442497.00925433665,-0.11466918298996874
1,464,616639.2460295103,1374634.2256043202,443450.3784490875,14.978168200281237,443497.01125683234,1.6257384482729127
1,465,617580.849152697,1374860.2213148682,444418.72265585547,42.461816148858716,444465.74540699203,-0.2634638379397233
1,466,618197.7424821375,1375387.4604957392,445230.2265275368,38.73024231785166,445277.2578581578,-1.2144177231889406
1,467,618192.7456350839,1376303.231689365,446146.01135354966,19.316737386487027,446193.24843219726,0.2507637258774619
1,468,618077.753863248,1377294.1965112379,447143.6257007697,23.682976752632086,447190.87233418913,0.08332424505632186
1,469,617931.7639493943,1378282.549633572,448142.70274953765,25.135917968142813,448189.9504394507,-0.04376199375255959
1,470,618045.9483215511,1379250.7335500235,449117.5966755214,24.39130273544795,449164.84464979963,-0.5010797029733087
1,471,618018.0829817131,1380238.8722761741,450106.128222455,15.745888940569857,450153.4140011668,0.6180731443450207
1,472,618515.4860080874,1380846.9969333997,450891.7651420126,24.221206347786694,450939.0966345355,-0.4368315613300832
1,473,618247.1490636019,1381807.2051766117,451888.7629284234,16.619799365207275,451936.1233982165,0.08356557414856168
1,474,619212.2248777684,1381990.0660185465,452871.01005343953,18.052402322303898,452918.3715679545,-0.15736809764059553
1,475,620156.0530059026,1382246.3317854782,453849.0098892055,15.366229589049171,453896.3750926323,0.054494351559987664
1,476,620832.2357136913,1382981.0400831748,454847.5184455118,16.315917213038855,454894.8841005654,-0.07203860497881262
1,477,621788.2031110383,1383242.666950612,455838.6401749454,15.069768456836693,455886.0066133972,0.14805760029878456
1,478,622731.11540887,1383555.140871964,456831.97977091814,17.636655677335636,456879.34952590894,0.0055818113873008605
1,479,623674.0734495042,1383816.197112542,457810.40719650546,17.73197504308092,457857.7769561393,0.11263877215230425
1,480,624311.1480273502,1384562.0886589875,458791.33441949217,19.660399461938628,458838.70607468823,-0.04654484163959808
1,481,624952.4649636961,1385309.3664933182,459776.07376293594,18.86043570773337,459823.4457430616,-0.1651485538244797
1,482,625730.7312738096,1385925.0964954149,460768.4556878719,16.0,460815.83179044037,0.46984190243743545
1,483,626482.6331048372,1386543.1831584384,461741.794008555,23.98183362097637,461789.20283797476,-0.1669210933520357
1,484,626983.7178950892,1387408.5807322043,462741.7934724057,21.068504270680997,462789.2065455627,0.29331772014533475
1,485,627481.2676982796,1388275.9861355538,463741.7674422743,26.187775705819217,463789.1936191566,-0.7911906594187186
1,486,627963.5451040897,1389151.9764157927,464741.7426755816,12.37835792648246,464789.26420028944,-0.07729345004411652
1,487,628443.8485963043,1390029.0787788988,465741.74267558154,11.029331914636655,465789.26511022454,0.16734119577661352
1,488,628923.6057757572,1390906.4797255564,466741.74236179766,13.949994143348338,466789.26906156685,0.13977954029495365
1,489,629402.4037671101,1391784.4037725234,467741.7414361804,16.389609930237206,467789.2711118105,-0.1976143226687019
1,490,629894.4720395958,1392652.6314776912,468739.71464865067,12.947566133903825,468787.25026012654,0.19583950237962508
1,491,630768.4880734587,1393122.744454378,469732.14108839247,16.339736703054733,469779.68249716837,0.11054662817121025
1,492,631624.0064171143,1393626.0666433722,470724.73610261787,18.254854518931186,470772.27935891104,1.2439316713381017
1,493,632539.1863730741,1393722.3444685247,471644.9663843445,38.23684079773042,471692.7265606463,1.0365947894434586
1,494,633381.4587463656,1393572.4895825377,472500.46579268115,53.716218262962,472548.36599918985,-1.0000503340021127
1,495,634300.5595610224,1393450.8218688518,473427.5846308332,37.53248403028579,473475.62607776007,-0.8573732148089405
1,496,634727.8576032934,1394262.8156384022,474345.1452548343,23.801095211814577,474393.2894418301,0.16161879587209368
1,497,635590.9198662302,1394680.128686177,475303.80403122393,26.50526800334161,475351.9520321606,-0.23459947247187873
1,498,636143.2718331261,1395437.8590656805,476241.4862926303,22.665875379923875,476289.64215383824,-0.31360500582172934
1,499,636792.0243816919,1396178.9457937614,477226.41746170167,17.274859982319324,477274.58807664586,-0.09420410639341147
1,500,637703.4679636558,1396587.7294682558,478225.3336221657,15.632468695323956,478273.50558729697,-0.03219601181518831
1,501,638625.8863412277,1396927.8250850958,479208.45146447973,15.080028755289998,479256.62358482624,-0.004585435573429394
1,502,639625.7530901746,1396942.3741202222,480208.4240591406,15.0,480256.59618268954,0.1539803106899064
1,503,640590.7633914063,1396710.037135033,481201.0092475099,17.667542791948065,481249.18495552277,0.1439303177563121
1,504,640987.0710849848,1395838.6736695128,482158.262650237,20.07222385941998,482206.4413786006,0.06125031515536529
1,505,641643.4855939058,1395126.307639615,483126.9449346185,21.107764667305855,483175.12421648885,-0.009858622083036202
1,506,642479.5464460264,1394602.917410542,484113.3196506051,20.938043690721162,484161.498947077,-0.19905226745631582
1,507,643090.1764206905,1393825.9781515496,485101.5016065838,17.50496970118431,485149.6868665129,-0.36822238247990724
1,508,644040.6569692562,1393515.2381703,486101.48791106447,11.078276284776564,486149.6938222573,1.2458925858018013
1,509,644618.9165579594,1393966.0754538206,486834.72621348704,27.025003699439893,486883.10551172966,-0.1748891804094744
1,510,644858.460394808,1394918.9207986218,487817.22074318246,24.026035919221673,487865.6046184413,-0.17930404059550836
1,511,645583.939651008,1395575.4329533244,488795.65232507704,20.964077249973503,488844.0409914568,0.07781041568330616
1,512,646348.3032318483,1396215.0967567104,489792.3576301082,22.317651674387385,489840.74721559754,-0.019174785746827207
1,513,647021.8450400206,1396883.8732338264,490741.5259732906,22.0,490789.9156119331,-0.045777817883199255
1,514,647510.9531025197,1397718.71042645,491709.0898393942,21.226941805239267,491757.47978686326,-0.6061589125606771
1,515,648424.3072385662,1397878.2194889504,492636.2677720765,11.417525804724441,492684.7096092349,0.5794373466814754
1,516,649089.2297331059,1398553.225731358,493583.76729768794,21.0,493632.2575894689,-0.23776411602142758
1,517,649890.2570106904,1399142.3082799332,494578.08261410944,16.873799757571085,494626.5814672868,0.3201357374981108
1,518,650790.1426935481,1399552.9889461822,495567.2503712887,22.40075562708414,495615.76466522546,-0.06298095236313084
1,519,651370.4933440553,1400339.2915926815,496544.5316662268,21.32650317786009,496593.04655058624,-0.1813697111097353
1,520,651867.5484175874,1401188.182085679,497528.23833756,18.212570664113546,497576.75815049803,0.14098328776807975
1,521,652679.677936082,1401766.8388263935,498525.43339289504,20.66629626798874,498573.9562246809,-0.13063000440421613
1,522,653369.4445738315,1402485.8798261823,499521.82587275904,18.39459352367577,499570.35129420046,-0.29937357901396244
1,523,654260.6887693641,1402443.8379694973,500414.06111852336,13.732573180013011,500462.598719648,-0.16332394864454197
1,524,655187.0966145832,1402768.7591670756,501395.7969691059,10.934087649403065,501444.33855883166,0.10206241350547471
1,525,655761.7120296207,1403587.1767433262,502395.7920712512,12.715405967046037,502444.33524753095,0.2521652449739303
1,526,656190.154803898,1404480.8879163757,503386.8939185221,17.07738613191313,503435.44669360283,-0.16987968618910837
1,527,657016.5258325379,1405020.588721055,504373.8924167718,14.150966631042337,504422.44953021384,-0.12235748563967686
1,528,657851.343238781,1405568.5465748974,505372.48037551844,12.018437872317532,505421.0397660127,0.4364300092758928
1,529,658551.2501514633,1406264.791790274,506359.7124082014,19.538468526291066,506408.3004393996,-0.40228402280765413
1,530,659132.4055138852,1407078.4631169422,507359.61369488615,12.5178655189379,507408.2263726468,0.14456711145260936
1,531,659766.3365807945,1407846.7190437494,508355.6487176977,15.031038617412612,508404.26456604415,-0.23507756980503916
1,532,660430.6766758909,1408569.0280262853,509337.0141074506,11.00459395830425,509385.6382158134,0.48032184188399285
1,533,661063.7370155064,1409283.4067782226,510291.5309458634,19.0066846947665,510340.18859597656,0.12102649039383576
1,534,661962.1253526199,1409710.4552421696,511286.2530149968,21.107849929253984,511334.91288426775,0.16764507953043628
1,535,662914.1127473976,1409421.448987599,512281.1422626001,24.0188629991284,512329.8063906259,-0.060410932561378416
1,536,663708.8742756669,1409758.824748877,513144.54731882503,23.108514551190744,513193.2119267728,-0.10365180014794147
1,537,664100.1602299806,1410573.4706011808,514048.2909565448,21.473581613576048,514096.9570433431,0.3087386031396681
1,538,664033.1415958363,1411535.1500593133,515012.3028224036,26.668214797311183,515060.9829048896,-0.6594930828522739
1,539,663872.1618426197,1412463.1501856695,515954.16200267576,15.826630082290366,516002.9044809362,0.034969715354855914
1,540,664484.325948307,1413242.80632954,516945.4281601567,16.43163624446974,516994.17082304583,-0.15023692485577309
1,541,665117.5350104972,1413990.378787384,517925.1313275327,13.862722273454766,517973.87735843565,-0.15114346833626127
1,542,665095.4883246106,1414949.327329452,518884.3332680504,11.332388527305218,518933.08263640373,0.3573431806124315
1,543,665298.4948065309,1415924.7182697419,519880.6259550161,17.546162330486343,519929.39470051124,-0.026649552646206446
1,544,665754.107691956,1416795.6050855506,520863.49265366595,17.089008942552365,520912.26150547725,-0.19250217225869334
1,545,666445.7907106814,1417511.258042374,521858.77379636036,13.745054038251345,521907.54826568125,0.08894566201587213
1,546,667289.983852809,1418030.0510418077,522849.63616696326,15.283264724395506,522898.4118302394,-0.1977312992833001
1,547,668221.9915847483,1418190.1170035028,523795.2891289361,12.019744570638611,523844.0704235234,0.09184649369746972
1,548,668882.2850186911,1418915.8754906172,524776.4684196505,13.592599595880131,524825.2509749,-0.08144356675391394
1,549,669355.1748177103,1419796.9739204072,525776.4480219398,12.171169238599223,525825.2315874416,0.07479781989996313
1,550,669886.1331303219,1420632.9677345967,526766.8026993632,13.46404654143091,526815.5871087703,-0.08923537350339791
1,551,670604.2083724969,1421328.9328184149,527766.8024250226,11.906594632541909,527815.5880472574,0.2928550148561544
1,552,671347.2644691714,1421991.3535213529,528762.2588783575,16.99469982367206,528811.0575039965,-0.19089096211579923
1,553,672177.5578626232,1422509.6317748842,529741.0333504874,13.73372853435254,529789.837408381,0.24054967857208345
1,554,673088.2634899131,1422915.461385741,530738.0701665706,17.91969645096599,530786.8830116274,-0.1049312118810109
1,555,673833.9701443064,1423511.9439285533,531692.9889266159,16.170860923883545,531741.8033730775,-0.0286219403336857
1,556,674378.5895387039,1424332.0415326238,532677.453433318,15.67907449642287,532726.2680026148,0.41773310667192953
1,557,675181.1464836177,1424912.5528816013,533667.9538503401,22.900760830033487,533716.7947457543,0.005701099144912848
1,558,675722.4872781769,1425750.2014893163,534665.3028593941,23.0,534714.1437597456,0.28002473508001585
1,559,676216.9816554906,1426619.3390617247,535665.2652631708,27.887208780518556,535714.1181063048,0.013720381291834024
1,560,676696.6423214299,1427496.7931320393,536665.2652631513,28.12667461326271,536714.1181349572,0.10908368952556596
1,561,677342.0098011056,1428239.5376810965,537649.2208764678,30.0,537698.0755315578,-0.16232600648033635
1,562,678280.805773057,1428464.8879280512,538614.6848119696,27.264714335109957,538663.543341763,-0.1567324785064863
1,563,679280.0968922637,1428476.1054223112,539614.0388899134,24.530976639911675,539662.9011587758,0.6018839541988468
1,564,680123.7233085876,1428793.5125822963,540515.4005462584,34.0,540564.3125509451,0.07979076192592213
1,565,681044.712276118,1428545.36441413,541469.2339655078,35.32832025533112,541518.1468951117,0.0737624342787699
1,566,681961.9845079883,1428174.058603676,542458.8077890488,36.6022956697418,542507.7215387089,-0.023313764479674804
1,567,682904.3713828345,1428182.896674137,543401.236106414,36.218819727371276,543450.1499340927,0.39060809839398825
1,568,683383.6317365208,1428995.3534173463,544344.5157289022,42.64963140340331,544393.4514773652,-0.41536047529910414
1,569,683530.9276912386,1429905.5796992818,545266.5829621354,35.96507283971375,545315.5429402504,-0.2936951971817475
1,570,683997.3039304537,1430772.166154428,546250.696208031,30.92051514743991,546299.6691152449,0.004555727179418068
1,571,684409.3138898865,1431682.9647144666,547250.3492596647,31.0,547299.3221700385,0.036405934035674326
1,572,684860.94362665,1432569.515290226,548245.3072198362,31.632199771935717,548294.2803310609,-0.2158372106000643
1,573,685409.0408980146,1433405.9291148668,549245.3065722996,27.86511441860427,549294.2867789698,0.05505556840651149
1,574,686108.6291946064,1434106.1925625696,550235.1513484726,28.81625748747093,550284.13201212,0.014430638930145765
1,575,686888.5536388484,1434732.0648780842,551235.150495499,29.068119440462272,551284.1311908637,0.22738029308751495
1,576,687359.005655071,1435599.8345148908,552222.2417993465,32.985446164522884,552271.230267745,-0.4778794896882493
1,577,687684.0281021175,1436542.290336643,553219.1683598508,24.67031706537143,553268.1915049106,0.26258164845382664
1,578,687937.0738997271,1437509.739863725,554219.1637414094,29.25324230554701,554268.1973880645,0.010051952442700718
1,579,688263.4471152112,1438451.9982950757,555216.3449823266,29.428187451567812,555265.3786443277,0.30789892222469284
1,580,688618.1022350487,1439375.0871310628,556205.2197232068,34.742303088739384,556254.2676638723,0.02472090852964621
1,581,689103.8903899816,1440249.1572364264,557205.2140634726,35.17376192148333,557254.2620972169,-0.43904745351311564
1,582,689591.1453658666,1441107.816009682,558192.4892532821,27.608298182414043,558241.5662735754,0.1455050170648782
1,583,689993.3562690271,1441959.3917672723,559134.272074073,30.0,559183.352131281,-0.2655625160635097
1,584,690403.446976291,1442835.9995308174,560102.0610796376,25.514323638740724,560151.1515322853,-0.20278411764516044
1,585,690636.0125184098,1443801.3329812607,561095.0139495796,22.0,561144.1106212696,0.1115996026057908
1,586,690965.8945334388,1444745.068797522,562094.7436304103,23.947256449512004,562143.842198515,0.029109619561223102
1,587,691576.271928546,1445499.5824561988,563065.2339320556,24.44032253814106,563114.3326254135,0.09190668944657537
1,588,692217.8750121162,1446230.167685119,564037.5555319202,26.0,564086.6554761976,0.11459176882258768
1,589,692783.1519587073,1447055.065039557,565037.5523677683,28.0,565086.65431205,1.0971628168170262
1,590,693064.8920405961,1447937.972617142,565964.3227084135,45.748990752850844,566013.5945965195,3.96108963483942
1,591,692486.2732804118,1448625.3332435444,566862.8015898379,107.96363039541373,566914.2249101063,1.496868033366994
1,592,692783.7894023915,1449248.1429559072,567553.0245832618,126.0,567604.6835194954,0.23214576489100278
1,593,692631.0073899762,1450217.0694017801,568533.9225396415,129.9743337880904,568585.5895273059,-0.2175973141333445
1,594,692639.6848173209,1451179.8353836006,569496.7276255732,126.3177850901285,569548.4015566473,-0.5930361287324035
1,595,692788.7743029651,1452145.709528537,570474.0405430087,116.20181194027137,570525.7668269015,0.5035489649523319
1,596,692846.7955309674,1453130.2394467648,571460.2786596847,124.86967497716034,571512.0430329584,0.00015731119817919602
1,597,693262.2911022941,1454022.6211417087,572444.6473199249,124.87237765813805,572496.4116932023,0.08848222433333337
1,598,693878.253020635,1454775.6967969718,573417.5460954387,126.37483240914847,573469.3116288413,-0.530133634972534
1,599,694015.7755798879,1455701.0418749359,574353.0544960507,117.71872150016951,574404.8600754072,0.5882691050599296
1,600,694626.5125965392,1456460.3571791518,575327.5078991053,127.7240129891821,575379.3648422414,1.0615166251042034
1,601,695056.2309831039,1457343.734103976,576309.8584898129,145.92606591415867,576361.884052127,1.0319029656937
1,602,695480.2362310173,1458157.681450687,577227.6224755283,162.45687840245319,577279.7969026949,-0.9327342492055477
1,603,696142.0038210409,1458820.2165718575,578164.0460602322,147.21122640892176,578216.3445842864,2.0334993244894566
1,604,696966.1260623256,1459272.8153909093,579104.271118177,180.59501528000044,579157.1621207655,-0.26525095663758613
1,605,697814.3063384147,1458872.6846989375,580042.0953828474,176.25332444957385,580094.9964353882,-0.5286588745709878
1,606,698763.6678403232,1459092.602229101,581016.595758106,167.26151220177923,581069.5382939385,1.3255201047419694
1,607,699378.6742096796,1458617.8083362537,581793.5526906537,185.23937752878982,581846.7031919336,1.391142542502928
1,608,700089.9101680212,1459306.8130747976,582783.7971645964,209.28725666275878,582837.2396216851,0.6670560000942297
1,609,700640.5676376312,1460084.9366310912,583737.0546941739,220.38589065237693,583790.561758936,0.5296592012265664
1,610,701176.0882571273,1460742.3796299205,584585.0014086643,228.2247851974849,584638.5447062191,0.9288613299927022
1,611,701466.8314216008,1461571.0027642574,585463.1516728255,242.46233105904398,585516.8103802372,-0.9153877485931385
1,612,701292.5536008847,1462533.9798066795,586441.7718969296,226.826045140336,586495.5555137949,1.3810982195146384
1,613,701604.5546031699,1463443.134494273,587402.9726415195,250.0,587457.0355726541,1.476673390455436
1,614,702164.305948766,1464209.9313354767,588352.3403071668,274.4732939094208,588406.7186285687,0.2748850594251662
1,615,702306.1396995987,1465141.5190983075,589294.6632734217,278.9942637644888,589349.0524398584,0.9799786420764709
1,616,702666.1265210795,1466051.028779697,590272.8239821915,295.7262132515199,590327.3562425264,0.7950796616511151
1,617,702916.7873540747,1466943.1883293008,591199.5275567758,308.58667991169557,591254.1490493339,1.2099824936606192
1,618,703241.9850673842,1467818.3981237938,592133.2008064291,328.30708987727076,592188.0305362942,0.10965657697620111
1,619,703302.5427615906,1468816.5582352355,593133.1962276192,330.2209517654897,593188.0277889246,0.14081156407444895
1,620,703518.261259066,1469767.2667488395,594108.071167287,332.6168340202208,594162.9056726844,1.738059059962063
1,621,703664.9861647591,1470685.0257522885,595037.4848460987,360.8191126610378,595092.7471402922,-0.011355862124388445
1,622,704123.7769159314,1471525.7552422527,595995.2504900099,360.6292862055017,596050.512803015,-0.46611333331681415
1,623,704818.0130455843,1472226.223256124,596981.4650925038,352.6060439897742,597036.7600410784,-0.9825128991044552
1,624,705089.494906042,1473053.846539138,597852.4775488696,337.66838412119193,597907.9005767136,0.20305088578437672
1,625,704640.5674997438,1473892.3407959107,598803.5866040081,341.0390398006472,598859.0156045028,0.44087031166482504
1,626,704698.3544681438,1474890.6385008586,599803.5554242325,348.733590255257,599859.0140282654,-0.059382975861912865
1,627,704521.3414017492,1475874.1005759542,600802.8207938045,347.69792282787654,600858.279934535,0.599788362074304
1,628,704143.9189574905,1476774.7506499381,601779.3545910678,357.92092717153184,601834.8672409318,0.9566252834366342
1,629,704445.2721506016,1477586.9437256106,602645.6520799067,372.38620022836716,602701.2854905626,2.286385183582754
1,630,704105.5897815718,1478527.3724454783,603645.5472188996,412.3081580690701,603701.977277128,0.7872031586875183
1,631,704003.7377536637,1479510.4704110539,604633.9071965938,425.8883739772929,604690.4305475318,-0.1402231536692609
1,632,704583.7663025326,1480295.017864453,605609.5853321169,423.5005377450031,605666.1116049988,1.844591147153532
1,633,705141.8595464496,1481097.3134354216,606586.9011726218,454.9753034249593,606643.9341415443,1.4165138761321567
1,634,705235.702685497,1482012.93290992,607507.3171420764,477.73522920701356,607564.63147023,0.63330130153023
1,635,705328.7666242904,1483002.8530907987,608501.6022426459,488.72570177382954,608558.9773113243,1.0133920496997095
1,636,706078.33255919,1483628.6768663987,609478.0777870751,505.99845314106193,609535.6056115532,-1.4941309258948285
1,637,706787.6573876049,1484328.9297660014,610474.8203995924,480.0,610532.6872306665,-0.9129905160271466
1,638,707340.2962240389,1485129.8523889775,611447.9014504459,464.49294206980625,611505.891834219,-0.6107455252897236
1,639,707808.0832403001,1485897.1726292812,612346.5699342384,454.9132042800352,612404.6113761999,-1.797063002496985
1,640,708636.7071800486,1486343.7895586921,613287.8904509387,425.37931521690535,613346.39509116,-2.233439890396781
1,641,709579.7657950189,1486573.365810308,614258.49068099,387.52528926059045,614317.7332062655,-1.829514724810365
1,642,710463.3023600961,1487000.3228105323,615239.7802110825,356.18102514055477,615299.5232066028,1.3534174765384699
1,643,710808.2600202777,1487862.2114266932,616168.1377790411,378.1143876314772,616228.1398370677,-1.429979310166235
1,644,711619.7607502324,1488309.738867289,617094.8600917126,354.98059025530955,617155.1508496151,-1.7045877142783918
1,645,712569.452229523,1488007.173290193,618091.5846445758,325.3186171830023,618152.3166667825,-2.4371864799178833
1,646,713387.7646213426,1488432.5325261317,619013.8458061803,286.06478201273706,619075.4128230845,-1.3778072146829008
1,647,714321.5928744479,1488201.4203911896,619975.8478982856,262.9267955156246,620037.6931313286,-1.4868813945800439
1,648,715315.6634256435,1488279.6763931995,620972.9939570979,237.04407162440222,621035.175049962,-3.009400976524845
1,649,716221.8588762986,1488114.6605449647,621894.0913596329,188.61985404132972,621957.5444606675,1.5454789084050493
1,650,716011.8657695885,1488801.588904508,622612.400259766,208.0,622676.1147537272,1.229539193039801
1,651,715650.2722953312,1489720.7111078536,623600.0922488539,229.19863751666426,623664.0342077016,0.7317328250988735
1,652,715816.0596983333,1490648.8781793234,624542.9493830767,241.24065931878988,624606.9682381852,-0.2120789885576165
1,653,716632.9975288521,1490963.7013857358,625418.4498515109,238.0,625482.4747042386,-0.14681884546240445
1,654,717358.4678308021,1491596.9904542018,626381.4463225584,235.5323428579685,626445.4743369394,-0.5648460146793635
1,655,718180.6068961598,1492122.907105833,627357.4078828929,225.91058952492887,627421.4833253138,-2.0408312140966265
1,656,718399.9447476019,1492959.5776857832,628222.3510905252,195.0889476493457,628286.975512475,-0.8750165594722306
1,657,718962.6775399348,1493675.788223133,629133.1890175889,181.17762218275806,629197.919667928,-1.391224786092957
1,658,719764.9371299795,1494253.7413556492,630121.9510077584,157.16432472871958,630186.973211301,-1.599463326955451
1,659,720350.162908971,1495012.3462596943,631080.0588372,130.41093112876277,631145.4544875431,1.451704869121723
1,660,721097.7654670296,1495420.4557192842,631931.7999456495,151.99614009984256,631997.4690631632,-1.9860428824958785
1,661,721374.2853568863,1496330.9220372494,632883.3314299607,119.0,632949.572477135,-1.0722095708808583
1,662,721764.5106175567,1497232.5568830585,633865.7881207325,100.61256449857959,633932.2012203676,4.246472174307736
1,663,722059.291405607,1497861.834945499,634560.6885401254,152.2095632994854,634629.0145692334,1.979708650470172
1,664,721991.8773133979,1498787.584836906,635488.8897689915,184.2939443838027,635557.7701499856,0.21891811608998693
1,665,721863.4448569153,1499549.4613338772,636261.5156115021,187.24603995555367,636330.4016322482,-0.3877988355860992
1,666,722338.9987452243,1500402.99325291,637238.586866577,180.63276260180484,637307.495267951,-1.0605741598079157
1,667,722651.061475648,1501353.0290933417,638238.562489192,162.12058841007033,638307.6422303609,-0.9031790663531688
1,668,722945.8344013222,1502307.1559367222,639237.1860974497,146.37753264785496,639306.389923612,-0.08289502588975187
1,669,722587.1124562809,1503189.1242206148,640189.3150213076,145.0,640258.519843971,-0.285735315850944
1,670,722970.1088590479,1504030.8791917355,641114.1056332511,140.38801059178806,641183.3219559848,-1.1830098477579432
1,671,723602.9114186935,1504802.6837810287,642112.1644509308,119.777745154908,642181.5935555956,-2.737296443799766
1,672,723961.5409538952,1505432.958225736,642837.327204504,85.1068318088563,642907.5846653223,-0.20284456418544614
1,673,723949.3226941205,1506106.5819960288,643511.061773734,82.72159563255727,643581.3234567891,0.5164582523721959
1,674,723055.9443597225,1506528.0759881516,644498.8785754575,91.62591565270316,644569.1803900959,-0.3027851656485125
1,675,722281.4048586306,1507160.5977583677,645498.8761897292,86.34128099884101,645569.1919679851,-2.6350464438221866
1,676,721969.5951618991,1507962.3719742938,646359.1477633034,46.74927032417697,646430.374125028,0.38060080671437974
1,677,722215.6022993316,1508840.0217433257,647270.6238347114,52.80405540039057,647341.8703066831,0.47328930127097324
1,678,721279.7561046272,1509129.1522171637,648250.1158107094,60.89529041573332,648321.3957015191,0.4821395373369895
1,679,720314.8345749226,1509314.431538538,649232.6645298152,69.16355678423984,649303.9792092401,-0.3698570155358953
1,680,720401.8865901583,1510227.8359467124,650150.2078073934,63.24052833556113,650221.5416041184,0.39988443322214945
1,681,719670.8649334585,1510719.8375818874,651031.3765038296,69.3905688650876,651102.7317621306,1.1362596091559922
1,682,719220.8579504108,1511574.1197146815,651996.9355373449,88.5415358388587,652068.4806977961,0.4897906053839613
1,683,718497.6875858711,1512260.3681637722,652993.8870457081,97.06414224401854,653065.4686339557,0.4236820917727644
1,684,717882.864623101,1513045.8481819613,653991.3769627118,104.44036299468038,654062.9858233597,0.8829383424116123
1,685,717315.6648945144,1513848.6490499498,654974.3341162804,119.58910997265293,655046.0597017059,0.07520944160485149
1,686,716612.8946691455,1514483.705444182,655921.5313573661,120.83245140395793,655993.2577588293,0.08606173678188174
1,687,716114.6279742472,1515333.4500840977,656906.5875244502,122.31206663991436,656978.3150371494,1.0175884218160047
1,688,715305.1526019603,1515870.8420311983,657878.2049816562,139.570068038602,657950.0857517523,1.1111891085087389
1,689,714605.5437171874,1516513.7894085736,658828.3807136801,158.0,658900.4402035854,0.5097244478561377
1,690,713941.778677359,1517250.6878973192,659820.1485347017,166.82336616128376,659892.2472728303,0.799255650274775
1,691,713212.3861053289,1517920.7252512486,660810.58459008,180.64049146191587,660882.7797017518,-0.17372266439828443
1,692,712552.2359918916,1518669.1207084302,661808.5294445691,177.61468097844633,661880.7291434223,-0.577233004802609
1,693,712036.2813761298,1519518.4734788723,662802.314780637,167.60233610288327,662874.5649151842,-1.2030447291378323
1,694,711783.7603578974,1520475.7453505816,663792.3331143132,146.81177503671765,663864.8015275372,-1.3646508688101637
1,695,711630.6707674683,1521463.5167124893,664791.8973624248,123.0,664864.6493593262,-0.4814194867649554
1,696,711516.1211031239,1522456.9342347346,665791.8973619775,114.59744713664001,665864.6846597032,-0.9799896652035169
1,697,711420.1885176427,1523452.0283114286,666791.6049604424,97.49673446481421,666864.5385074242,-0.37900380058452965
1,698,711353.7179776359,1524449.816695548,667791.6049565285,90.88177381030012,667864.5603821232,-1.1012786048535308
1,699,711288.3753456839,1525447.5820407968,668791.5076236567,71.6603398606033,668864.6477819304,-0.3237037538723166
1,700,711227.4978360534,1526445.7013732935,669791.4817598634,66.01072956681574,669864.6378774709,-0.46966127844579697
1,701,711165.171769087,1527443.752696841,670791.4772513824,57.813447244530316,670864.6669662958,-0.5856580436708858
1,702,711103.1000982122,1528441.7005186079,671791.3536173869,47.592693871214195,671864.595569294,-0.15037649977553627
1,703,711205.5820277806,1529424.2246234189,672779.2079398569,45.0,672852.4532941128,
